{"cameraMode":{"drawMode":0,"name":"Shaded","section":"Shading Mode"},"sceneLighting":true,"audioPlay":false,"sceneViewState":{"showFog":true,"showMaterialUpdate":true,"showSkybox":true,"showFlares":true,"showImageEffects":true,"showParticleSystems":true},"in2DMode":false,"pivot":{"x":0.00011808983981609344,"y":1.4488110542297364,"z":-0.13593482971191407},"rotation":{"x":0.0002685441868379712,"y":0.9838423728942871,"z":-0.17902934551239015,"w":0.0014757649041712285},"size":3.7254650592803957,"orthographic":false}