{"cameraMode":{"drawMode":0,"name":"Shaded","section":"Shading Mode"},"sceneLighting":true,"audioPlay":false,"sceneViewState":{"showFog":true,"showMaterialUpdate":true,"showSkybox":true,"showFlares":true,"showImageEffects":true,"showParticleSystems":true},"in2DMode":false,"pivot":{"x":-0.00028717517852783203,"y":2.867159366607666,"z":-0.6306052207946777},"rotation":{"x":-0.00022683442512061447,"y":-0.9980092644691467,"z":0.06295789033174515,"w":-0.0035947628784924747},"size":7.325467109680176,"orthographic":false}